name,url
10A.png,https://qsharingeu.eu.qualtrics.com/ControlPanel/Graphic.php?IM=IM_e8rSSBBzAzNIohD
10B.png,https://qsharingeu.eu.qualtrics.com/ControlPanel/Graphic.php?IM=IM_6mJQiSG2CHdVjx3
10C.png,https://qsharingeu.eu.qualtrics.com/ControlPanel/Graphic.php?IM=IM_eEByX31CBUZABgh
10D.png,https://qsharingeu.eu.qualtrics.com/ControlPanel/Graphic.php?IM=IM_1SsY31IYBKnur4h
10E.png,https://qsharingeu.eu.qualtrics.com/ControlPanel/Graphic.php?IM=IM_9smZP00IZiDhdCB
10Q.png,https://qsharingeu.eu.qualtrics.com/ControlPanel/Graphic.php?IM=IM_73DJZxmhdSb5jM1
11A.png,https://qsharingeu.eu.qualtrics.com/ControlPanel/Graphic.php?IM=IM_5hZI8PkvinicxNP
11B.png,https://qsharingeu.eu.qualtrics.com/ControlPanel/Graphic.php?IM=IM_0d11wgzb7Lzd6hn
11C.png,https://qsharingeu.eu.qualtrics.com/ControlPanel/Graphic.php?IM=IM_cCHbBg0RkpzeWH3
11D.png,https://qsharingeu.eu.qualtrics.com/ControlPanel/Graphic.php?IM=IM_8Dt4itpvziyCEIZ
11E.png,https://qsharingeu.eu.qualtrics.com/ControlPanel/Graphic.php?IM=IM_3vKLMs3FfOHwuON
11Q.png,https://qsharingeu.eu.qualtrics.com/ControlPanel/Graphic.php?IM=IM_2i9iBmLNZcUOLqZ
12A.png,https://qsharingeu.eu.qualtrics.com/ControlPanel/Graphic.php?IM=IM_cUBY1J6pp0Ezp3L
12B.png,https://qsharingeu.eu.qualtrics.com/ControlPanel/Graphic.php?IM=IM_6nbVAGqV3R53QZ7
12C.png,https://qsharingeu.eu.qualtrics.com/ControlPanel/Graphic.php?IM=IM_8Amd2A2JWU7L9qd
12D.png,https://qsharingeu.eu.qualtrics.com/ControlPanel/Graphic.php?IM=IM_1XqpU4SPToKsAaV
12E.png,https://qsharingeu.eu.qualtrics.com/ControlPanel/Graphic.php?IM=IM_6P910wHApA7eYbr
12Q.png,https://qsharingeu.eu.qualtrics.com/ControlPanel/Graphic.php?IM=IM_cArOwkxr55Ohq1n
13A.png,https://qsharingeu.eu.qualtrics.com/ControlPanel/Graphic.php?IM=IM_79ENb3lr0clruPH
13B.png,https://qsharingeu.eu.qualtrics.com/ControlPanel/Graphic.php?IM=IM_cCmL5Q7EdGdYc1n
13C.png,https://qsharingeu.eu.qualtrics.com/ControlPanel/Graphic.php?IM=IM_ddjc8NtXyMLOZBH
13D.png,https://qsharingeu.eu.qualtrics.com/ControlPanel/Graphic.php?IM=IM_3pZ4cXqHTFUysip
13E.png,https://qsharingeu.eu.qualtrics.com/ControlPanel/Graphic.php?IM=IM_8oFnFFrldNPeC69
13Q.png,https://qsharingeu.eu.qualtrics.com/ControlPanel/Graphic.php?IM=IM_3CB4pJD01SI8KQB
14A.png,https://qsharingeu.eu.qualtrics.com/ControlPanel/Graphic.php?IM=IM_4I5BRC1osNgU3WZ
14B.png,https://qsharingeu.eu.qualtrics.com/ControlPanel/Graphic.php?IM=IM_4Pfsyq8UIiucCLX
14C.png,https://qsharingeu.eu.qualtrics.com/ControlPanel/Graphic.php?IM=IM_81SIFNQgkjryGHz
14D.png,https://qsharingeu.eu.qualtrics.com/ControlPanel/Graphic.php?IM=IM_a9psmA5ggnR4uzP
14E.png,https://qsharingeu.eu.qualtrics.com/ControlPanel/Graphic.php?IM=IM_3Ufnotu0gYVHeqV
14Q.png,https://qsharingeu.eu.qualtrics.com/ControlPanel/Graphic.php?IM=IM_d07hd7dInLD6noF
15A.png,https://qsharingeu.eu.qualtrics.com/ControlPanel/Graphic.php?IM=IM_eROHpSQRMrkFQr3
15B.png,https://qsharingeu.eu.qualtrics.com/ControlPanel/Graphic.php?IM=IM_02izUJCmdvaPJOZ
15C.png,https://qsharingeu.eu.qualtrics.com/ControlPanel/Graphic.php?IM=IM_29o9e7Eb5mSRLZX
15D.png,https://qsharingeu.eu.qualtrics.com/ControlPanel/Graphic.php?IM=IM_5AyAgoTueI5BDrD
15E.png,https://qsharingeu.eu.qualtrics.com/ControlPanel/Graphic.php?IM=IM_3Ku2bamgVFLLRt3
15Q.png,https://qsharingeu.eu.qualtrics.com/ControlPanel/Graphic.php?IM=IM_eLjmAVP1LAGjRVb
16A.png,https://qsharingeu.eu.qualtrics.com/ControlPanel/Graphic.php?IM=IM_eW1hDKR4uvsROgl
16B.png,https://qsharingeu.eu.qualtrics.com/ControlPanel/Graphic.php?IM=IM_eqCqx4UFYuahQEt
16C.png,https://qsharingeu.eu.qualtrics.com/ControlPanel/Graphic.php?IM=IM_9pFIFGN4L3sIWIB
16D.png,https://qsharingeu.eu.qualtrics.com/ControlPanel/Graphic.php?IM=IM_1KT0BQc2LyBuu0t
16E.png,https://qsharingeu.eu.qualtrics.com/ControlPanel/Graphic.php?IM=IM_7VSWfnvZjMM7TU1
16Q.png,https://qsharingeu.eu.qualtrics.com/ControlPanel/Graphic.php?IM=IM_2mBPNNit9HrO2EZ
17A.png,https://qsharingeu.eu.qualtrics.com/ControlPanel/Graphic.php?IM=IM_eQLiMVQCWkqA9V3
17B.png,https://qsharingeu.eu.qualtrics.com/ControlPanel/Graphic.php?IM=IM_6Ja9Sj4wuWqRb8x
17C.png,https://qsharingeu.eu.qualtrics.com/ControlPanel/Graphic.php?IM=IM_a01d4Q0xUb6VWfP
17D.png,https://qsharingeu.eu.qualtrics.com/ControlPanel/Graphic.php?IM=IM_0d0x0xWGSNGXTH7
17E.png,https://qsharingeu.eu.qualtrics.com/ControlPanel/Graphic.php?IM=IM_02lzguwiA3U8Lwp
17Q.png,https://qsharingeu.eu.qualtrics.com/ControlPanel/Graphic.php?IM=IM_abH4BncDkVggvFH
18A.png,https://qsharingeu.eu.qualtrics.com/ControlPanel/Graphic.php?IM=IM_8qdS5pGiBuh42B7
18B.png,https://qsharingeu.eu.qualtrics.com/ControlPanel/Graphic.php?IM=IM_bxqUr0qp5dfO4ol
18C.png,https://qsharingeu.eu.qualtrics.com/ControlPanel/Graphic.php?IM=IM_cJbuMr4CRWhRLKJ
18D.png,https://qsharingeu.eu.qualtrics.com/ControlPanel/Graphic.php?IM=IM_7Wl1J4wuTsP8Ym1
18E.png,https://qsharingeu.eu.qualtrics.com/ControlPanel/Graphic.php?IM=IM_0NgaAl9ShRwdj3T
18Q.png,https://qsharingeu.eu.qualtrics.com/ControlPanel/Graphic.php?IM=IM_9MFQrtnKRA4M0cd
19A.png,https://qsharingeu.eu.qualtrics.com/ControlPanel/Graphic.php?IM=IM_eSgvEZuiVdaEWHz
19B.png,https://qsharingeu.eu.qualtrics.com/ControlPanel/Graphic.php?IM=IM_3rvWUKW42XFTB7T
19C.png,https://qsharingeu.eu.qualtrics.com/ControlPanel/Graphic.php?IM=IM_9QRa9FQNoWGRlRj
19D.png,https://qsharingeu.eu.qualtrics.com/ControlPanel/Graphic.php?IM=IM_2meTP4zpWqizppX
19E.png,https://qsharingeu.eu.qualtrics.com/ControlPanel/Graphic.php?IM=IM_a5x9UY4ahmFjuXX
19Q.png,https://qsharingeu.eu.qualtrics.com/ControlPanel/Graphic.php?IM=IM_bpvoY02cAJsttUV
1A.png,https://qsharingeu.eu.qualtrics.com/ControlPanel/Graphic.php?IM=IM_7ND0gnnIgcmCGWh
1B.png,https://qsharingeu.eu.qualtrics.com/ControlPanel/Graphic.php?IM=IM_03CC2OUDmmi1lEp
1C.png,https://qsharingeu.eu.qualtrics.com/ControlPanel/Graphic.php?IM=IM_agiRePxLEaTZyBL
1D.png,https://qsharingeu.eu.qualtrics.com/ControlPanel/Graphic.php?IM=IM_eqFARvM6FqTcXmB
1E.png,https://qsharingeu.eu.qualtrics.com/ControlPanel/Graphic.php?IM=IM_5nUWoxv3Lz9aKj3
1Q.png,https://qsharingeu.eu.qualtrics.com/ControlPanel/Graphic.php?IM=IM_e3QyLiavaZf4tbD
20A.png,https://qsharingeu.eu.qualtrics.com/ControlPanel/Graphic.php?IM=IM_3t0OX3Zr371lztr
20B.png,https://qsharingeu.eu.qualtrics.com/ControlPanel/Graphic.php?IM=IM_eaOqawle6XxAroF
20C.png,https://qsharingeu.eu.qualtrics.com/ControlPanel/Graphic.php?IM=IM_1Ar31bBxPRfRBoF
20D.png,https://qsharingeu.eu.qualtrics.com/ControlPanel/Graphic.php?IM=IM_8nUkPTjpwPex7Xn
20E.png,https://qsharingeu.eu.qualtrics.com/ControlPanel/Graphic.php?IM=IM_0P6mgqmbEYCCRXD
20Q.png,https://qsharingeu.eu.qualtrics.com/ControlPanel/Graphic.php?IM=IM_a4abQHrpvf52Itv
21A.png,https://qsharingeu.eu.qualtrics.com/ControlPanel/Graphic.php?IM=IM_bjSXktg2RlNZ6rb
21B.png,https://qsharingeu.eu.qualtrics.com/ControlPanel/Graphic.php?IM=IM_ebtfI30zj5fv6jH
21C.png,https://qsharingeu.eu.qualtrics.com/ControlPanel/Graphic.php?IM=IM_aYj0g39XTzsXi9T
21D.png,https://qsharingeu.eu.qualtrics.com/ControlPanel/Graphic.php?IM=IM_6myv8DyR2hr4lvL
21E.png,https://qsharingeu.eu.qualtrics.com/ControlPanel/Graphic.php?IM=IM_cYG68XISNBXUPpb
21Q.png,https://qsharingeu.eu.qualtrics.com/ControlPanel/Graphic.php?IM=IM_cDdVVda6lISVAHz
22A.png,https://qsharingeu.eu.qualtrics.com/ControlPanel/Graphic.php?IM=IM_25LhDm1lNLuof53
22B.png,https://qsharingeu.eu.qualtrics.com/ControlPanel/Graphic.php?IM=IM_cTO5h0RVR6wsmgt
22C.png,https://qsharingeu.eu.qualtrics.com/ControlPanel/Graphic.php?IM=IM_e3heQfzRAT0XqWV
22D.png,https://qsharingeu.eu.qualtrics.com/ControlPanel/Graphic.php?IM=IM_9WSrdO0gfaOapEh
22E.png,https://qsharingeu.eu.qualtrics.com/ControlPanel/Graphic.php?IM=IM_23iZ1CQOq5k57Xn
22Q.png,https://qsharingeu.eu.qualtrics.com/ControlPanel/Graphic.php?IM=IM_5vQRawu1omZuKO1
23A.png,https://qsharingeu.eu.qualtrics.com/ControlPanel/Graphic.php?IM=IM_bgb1ZxHpEjRpfDv
23B.png,https://qsharingeu.eu.qualtrics.com/ControlPanel/Graphic.php?IM=IM_1BWvskmRWVC46SF
23C.png,https://qsharingeu.eu.qualtrics.com/ControlPanel/Graphic.php?IM=IM_4PLioiBbXrn8Xad
23D.png,https://qsharingeu.eu.qualtrics.com/ControlPanel/Graphic.php?IM=IM_0kCHWf5lyrq8edn
23E.png,https://qsharingeu.eu.qualtrics.com/ControlPanel/Graphic.php?IM=IM_1EXuwB6q4xBpBPv
23Q.png,https://qsharingeu.eu.qualtrics.com/ControlPanel/Graphic.php?IM=IM_5aqad6OOEdLwSGx
24A.png,https://qsharingeu.eu.qualtrics.com/ControlPanel/Graphic.php?IM=IM_03qTHOVTkpKiVAF
24B.png,https://qsharingeu.eu.qualtrics.com/ControlPanel/Graphic.php?IM=IM_a97P6ZUIzKxMHKl
24C.png,https://qsharingeu.eu.qualtrics.com/ControlPanel/Graphic.php?IM=IM_25HWmKNx2L5PBVX
24D.png,https://qsharingeu.eu.qualtrics.com/ControlPanel/Graphic.php?IM=IM_8wy9nylEp9x9fOR
24E.png,https://qsharingeu.eu.qualtrics.com/ControlPanel/Graphic.php?IM=IM_4TI5VsbbddfcaHP
24Q.png,https://qsharingeu.eu.qualtrics.com/ControlPanel/Graphic.php?IM=IM_6zKLNi4dI3kIViR
25A.png,https://qsharingeu.eu.qualtrics.com/ControlPanel/Graphic.php?IM=IM_9Hy6ZxgogGtOjhb
25B.png,https://qsharingeu.eu.qualtrics.com/ControlPanel/Graphic.php?IM=IM_419rbjn80RI8DFb
25C.png,https://qsharingeu.eu.qualtrics.com/ControlPanel/Graphic.php?IM=IM_e9Ud9fKeUPtTG0l
25D.png,https://qsharingeu.eu.qualtrics.com/ControlPanel/Graphic.php?IM=IM_1YzTzuX3p4nj0dT
25E.png,https://qsharingeu.eu.qualtrics.com/ControlPanel/Graphic.php?IM=IM_4YiP6UKBd7MN5cx
25Q.png,https://qsharingeu.eu.qualtrics.com/ControlPanel/Graphic.php?IM=IM_720nvFukyzA1SpT
26A.png,https://qsharingeu.eu.qualtrics.com/ControlPanel/Graphic.php?IM=IM_elJLWhUDP6xcZhP
26B.png,https://qsharingeu.eu.qualtrics.com/ControlPanel/Graphic.php?IM=IM_eqBdqa0HSPSdNBz
26C.png,https://qsharingeu.eu.qualtrics.com/ControlPanel/Graphic.php?IM=IM_cINZKh1TZsSgE73
26D.png,https://qsharingeu.eu.qualtrics.com/ControlPanel/Graphic.php?IM=IM_eXq0uIeKYOTyhkV
26E.png,https://qsharingeu.eu.qualtrics.com/ControlPanel/Graphic.php?IM=IM_8HA5QLNfEijrWAZ
26Q.png,https://qsharingeu.eu.qualtrics.com/ControlPanel/Graphic.php?IM=IM_1ZbUMMtMSBuYiyh
27A.png,https://qsharingeu.eu.qualtrics.com/ControlPanel/Graphic.php?IM=IM_8HPW391DKcfpIcR
27B.png,https://qsharingeu.eu.qualtrics.com/ControlPanel/Graphic.php?IM=IM_6EZ92vabXBtuAyF
27C.png,https://qsharingeu.eu.qualtrics.com/ControlPanel/Graphic.php?IM=IM_cJ7haIWVUEZJhSR
27D.png,https://qsharingeu.eu.qualtrics.com/ControlPanel/Graphic.php?IM=IM_a3jgmkPgKcugDPv
27E.png,https://qsharingeu.eu.qualtrics.com/ControlPanel/Graphic.php?IM=IM_4SZQvzUIGqKV4RT
27Q.png,https://qsharingeu.eu.qualtrics.com/ControlPanel/Graphic.php?IM=IM_5syERrOThOYoejz
28A.png,https://qsharingeu.eu.qualtrics.com/ControlPanel/Graphic.php?IM=IM_0lnfArG4bZLlbk9
28B.png,https://qsharingeu.eu.qualtrics.com/ControlPanel/Graphic.php?IM=IM_817HBJGiWgfRoX3
28C.png,https://qsharingeu.eu.qualtrics.com/ControlPanel/Graphic.php?IM=IM_8tPXAzs8tgiI85v
28D.png,https://qsharingeu.eu.qualtrics.com/ControlPanel/Graphic.php?IM=IM_4Ob52F3ZuftXYH3
28E.png,https://qsharingeu.eu.qualtrics.com/ControlPanel/Graphic.php?IM=IM_8Dk3FkuEhNP3mVn
28Q.png,https://qsharingeu.eu.qualtrics.com/ControlPanel/Graphic.php?IM=IM_b7bNNAe4uqSgMPX
2A.png,https://qsharingeu.eu.qualtrics.com/ControlPanel/Graphic.php?IM=IM_20hOBfBcOTnkibj
2B.png,https://qsharingeu.eu.qualtrics.com/ControlPanel/Graphic.php?IM=IM_9vijDQ89zssgixL
2C.png,https://qsharingeu.eu.qualtrics.com/ControlPanel/Graphic.php?IM=IM_0DLBjB14yOWSisR
2D.png,https://qsharingeu.eu.qualtrics.com/ControlPanel/Graphic.php?IM=IM_6yeTtVw7grp1LJH
2E.png,https://qsharingeu.eu.qualtrics.com/ControlPanel/Graphic.php?IM=IM_24YCNlNxaO99AVf
2Q.png,https://qsharingeu.eu.qualtrics.com/ControlPanel/Graphic.php?IM=IM_eG2vbxedzcx0x8N
3A.png,https://qsharingeu.eu.qualtrics.com/ControlPanel/Graphic.php?IM=IM_bxrgJH298ihaygd
3B.png,https://qsharingeu.eu.qualtrics.com/ControlPanel/Graphic.php?IM=IM_1ACu3ERDriZfpbf
3C.png,https://qsharingeu.eu.qualtrics.com/ControlPanel/Graphic.php?IM=IM_0D3EDTQ18fmvtVH
3D.png,https://qsharingeu.eu.qualtrics.com/ControlPanel/Graphic.php?IM=IM_3VRodWKfYahgBNP
3E.png,https://qsharingeu.eu.qualtrics.com/ControlPanel/Graphic.php?IM=IM_9XpHXq6PmqsvLpz
3Q.png,https://qsharingeu.eu.qualtrics.com/ControlPanel/Graphic.php?IM=IM_cUDY5BvCWeqLoOh
4A.png,https://qsharingeu.eu.qualtrics.com/ControlPanel/Graphic.php?IM=IM_d0fHh3M8pSVPvXT
4B.png,https://qsharingeu.eu.qualtrics.com/ControlPanel/Graphic.php?IM=IM_bJIrJm8qqb6Vr5r
4C.png,https://qsharingeu.eu.qualtrics.com/ControlPanel/Graphic.php?IM=IM_7OmaHdoH5Jlqg6x
4D.png,https://qsharingeu.eu.qualtrics.com/ControlPanel/Graphic.php?IM=IM_eY88TIt1FDX7U57
4E.png,https://qsharingeu.eu.qualtrics.com/ControlPanel/Graphic.php?IM=IM_7PQo8fxfi4dU1Zr
4Q.png,https://qsharingeu.eu.qualtrics.com/ControlPanel/Graphic.php?IM=IM_cSWcZtlb8Eoh1ch
5A.png,https://qsharingeu.eu.qualtrics.com/ControlPanel/Graphic.php?IM=IM_bx3L37hQs0RaUrb
5B.png,https://qsharingeu.eu.qualtrics.com/ControlPanel/Graphic.php?IM=IM_eXsxIj0wbFiH1Bj
5C.png,https://qsharingeu.eu.qualtrics.com/ControlPanel/Graphic.php?IM=IM_4HOcLj9jsl6ZPKJ
5D.png,https://qsharingeu.eu.qualtrics.com/ControlPanel/Graphic.php?IM=IM_3g7wdXDKKi3dtJj
5E.png,https://qsharingeu.eu.qualtrics.com/ControlPanel/Graphic.php?IM=IM_byLt3G6n5pHwufb
5Q.png,https://qsharingeu.eu.qualtrics.com/ControlPanel/Graphic.php?IM=IM_9sIYTKC2qwF9eTz
6A.png,https://qsharingeu.eu.qualtrics.com/ControlPanel/Graphic.php?IM=IM_2fYCaTD25FNoNGl
6B.png,https://qsharingeu.eu.qualtrics.com/ControlPanel/Graphic.php?IM=IM_5juutMMcNZGgmCF
6C.png,https://qsharingeu.eu.qualtrics.com/ControlPanel/Graphic.php?IM=IM_emnoYzTKfmgTqYZ
6D.png,https://qsharingeu.eu.qualtrics.com/ControlPanel/Graphic.php?IM=IM_4Zxhr3Tg1JVxv7v
6E.png,https://qsharingeu.eu.qualtrics.com/ControlPanel/Graphic.php?IM=IM_b1V3udhfiuENN1X
6Q.png,https://qsharingeu.eu.qualtrics.com/ControlPanel/Graphic.php?IM=IM_eVT1CSsZjTZllLT
7A.png,https://qsharingeu.eu.qualtrics.com/ControlPanel/Graphic.php?IM=IM_8ka0ZeLanAfjp1X
7B.png,https://qsharingeu.eu.qualtrics.com/ControlPanel/Graphic.php?IM=IM_0HtzFqEdokcRYPj
7C.png,https://qsharingeu.eu.qualtrics.com/ControlPanel/Graphic.php?IM=IM_2fysmW9QyVM9eh7
7D.png,https://qsharingeu.eu.qualtrics.com/ControlPanel/Graphic.php?IM=IM_8f6X0MhNm3zpxsx
7E.png,https://qsharingeu.eu.qualtrics.com/ControlPanel/Graphic.php?IM=IM_bskE9l4nLwbUikB
7Q.png,https://qsharingeu.eu.qualtrics.com/ControlPanel/Graphic.php?IM=IM_a5G0lMb28pBVJhX
8A.png,https://qsharingeu.eu.qualtrics.com/ControlPanel/Graphic.php?IM=IM_dnkjtPsKQ9ccvMp
8B.png,https://qsharingeu.eu.qualtrics.com/ControlPanel/Graphic.php?IM=IM_6mNTFFJp47Olu7P
8C.png,https://qsharingeu.eu.qualtrics.com/ControlPanel/Graphic.php?IM=IM_a5UG2X1Wq8J4yMt
8D.png,https://qsharingeu.eu.qualtrics.com/ControlPanel/Graphic.php?IM=IM_7VvoD6z48nm74Wh
8E.png,https://qsharingeu.eu.qualtrics.com/ControlPanel/Graphic.php?IM=IM_0SZkBNaaTipdJWd
8Q.png,https://qsharingeu.eu.qualtrics.com/ControlPanel/Graphic.php?IM=IM_9RiSM6nrM7sLE7X
9A.png,https://qsharingeu.eu.qualtrics.com/ControlPanel/Graphic.php?IM=IM_5gz0MmsBk82lS6N
9B.png,https://qsharingeu.eu.qualtrics.com/ControlPanel/Graphic.php?IM=IM_82DlIRcX90I5S5f
9C.png,https://qsharingeu.eu.qualtrics.com/ControlPanel/Graphic.php?IM=IM_0oJ1uZNDLMYtV65
9D.png,https://qsharingeu.eu.qualtrics.com/ControlPanel/Graphic.php?IM=IM_b8xYrKJ3GJQHKa9
9E.png,https://qsharingeu.eu.qualtrics.com/ControlPanel/Graphic.php?IM=IM_bf2FNG8wkJJAK2N
9Q.png,https://qsharingeu.eu.qualtrics.com/ControlPanel/Graphic.php?IM=IM_dm8J9adUPyGGOk5
answer1.png,https://qsharingeu.eu.qualtrics.com/ControlPanel/Graphic.php?IM=IM_87YDs3LbrBHkm21
answer2.png,https://qsharingeu.eu.qualtrics.com/ControlPanel/Graphic.php?IM=IM_50xYQNhQnglsEjr
